Height, Lenght, Area, Eccen, P_black, P_and, Mean_tr, Blackpix, Blackand, Wb_trans,Outcome
3,113,339.0,37.667,0.41,0.47200000000000003,13.9,139,160,10, positive
3,59,177.0,19.667,0.475,0.475,84.0,84,84,1, positive
2,20,40.0,10.0,0.675,0.675,27.0,27,27,1, positive
2,101,202.0,50.5,0.54,0.743,10.9,109,150,10, positive
4,194,776.0,48.5,0.263,0.273,34.0,204,212,6, positive
2,18,36.0,9.0,0.667,0.6940000000000001,24.0,24,25,1, positive
2,22,44.0,11.0,0.75,0.75,33.0,33,33,1, positive
2,18,36.0,9.0,0.8059999999999999,0.833,29.0,29,30,1, positive
2,22,44.0,11.0,0.705,0.8640000000000001,15.5,31,38,2, positive
3,116,348.0,38.667,0.385,0.494,33.5,134,172,4, positive
1,10,10.0,10.0,1.0,1.0,10.0,10,10,1, positive
1,13,13.0,13.0,1.0,1.0,13.0,13,13,1, positive
1,8,8.0,8.0,1.0,1.0,8.0,8,8,1, positive
1,44,44.0,44.0,0.25,1.0,2.2,11,44,5, positive
2,20,40.0,10.0,0.725,0.875,29.0,29,35,1, positive
2,20,40.0,10.0,0.775,0.85,31.0,31,34,1, positive
3,113,339.0,37.667,0.35700000000000004,0.37799999999999995,30.25,121,128,4, positive
98,3,294.0,0.031,0.48,0.486,141.0,141,143,1, positive
2,48,96.0,24.0,0.625,0.677,30.0,60,65,2, positive
3,116,348.0,38.667,0.35600000000000004,0.371,62.0,124,129,2, positive
2,18,36.0,9.0,0.722,0.722,26.0,26,26,1, positive
3,132,396.0,44.0,0.505,0.5579999999999999,20.0,200,221,10, positive
1,17,17.0,17.0,0.765,1.0,3.25,13,17,4, positive
1,8,8.0,8.0,1.0,1.0,8.0,8,8,1, positive
2,69,138.0,34.5,0.623,0.9059999999999999,10.75,86,125,8, positive
2,46,92.0,23.0,0.5870000000000001,0.7609999999999999,18.0,54,70,3, positive
1,57,57.0,57.0,0.456,1.0,3.71,26,57,7, positive
1,10,10.0,10.0,0.9,1.0,9.0,9,10,1, positive
2,116,232.0,58.0,0.616,0.802,17.88,143,186,8, positive
2,17,34.0,8.5,0.588,0.971,6.67,20,33,3, positive
1,43,43.0,43.0,0.907,1.0,9.75,39,43,4, positive
19,2,38.0,0.105,0.816,0.816,31.0,31,31,1, positive
5,2,10.0,0.4,0.8,0.8,8.0,8,8,1, positive
10,2,20.0,0.2,0.55,0.6,11.0,11,12,1, positive
2,112,224.0,56.0,0.496,0.504,55.5,111,113,2, positive
1,45,45.0,45.0,0.7559999999999999,1.0,5.67,34,45,6, positive
1,75,75.0,75.0,0.813,1.0,5.55,61,75,11, positive
2,157,314.0,78.5,0.506,0.551,26.5,159,173,6, positive
1,32,32.0,32.0,0.7190000000000001,1.0,5.75,23,32,4, positive
1,52,52.0,52.0,0.7879999999999999,1.0,10.25,41,52,4, positive
1,13,13.0,13.0,0.6920000000000001,1.0,4.5,9,13,2, positive
94,2,188.0,0.021,0.516,0.516,97.0,97,97,1, positive
2,123,246.0,61.5,0.5,0.504,123.0,123,124,1, positive
1,36,36.0,36.0,0.722,1.0,8.67,26,36,3, positive
4,2,8.0,0.5,0.875,0.875,7.0,7,7,1, positive
1,19,19.0,19.0,0.789,1.0,3.75,15,19,4, positive
1,9,9.0,9.0,0.778,1.0,7.0,7,9,1, positive
2,446,892.0,223.0,0.439,0.603,17.82,392,538,22, positive
66,3,198.0,0.045,0.657,0.909,2.6,130,180,50, positive
93,4,372.0,0.043,0.419,0.565,2.89,156,210,54, positive
44,3,132.0,0.068,0.598,0.841,2.47,79,111,32, positive
42,7,294.0,0.16699999999999998,0.282,0.43200000000000005,2.18,83,127,38, positive
2,236,472.0,118.0,0.5660000000000001,0.6890000000000001,10.27,267,325,26, positive
1,61,61.0,61.0,1.0,1.0,61.0,61,61,1, positive
48,402,19296.0,8.375,0.055,0.094,4.13,1058,1814,256, positive
304,463,140752.0,1.5230000000000001,0.063,0.121,3.91,8898,17081,2273, positive
3,213,639.0,71.0,0.318,0.379,11.94,203,242,17, positive
306,465,142290.0,1.52,0.055,0.12300000000000001,2.69,7861,17452,2925, positive
45,79,3555.0,1.756,0.087,0.195,4.81,308,693,64, positive
1,152,152.0,152.0,0.8220000000000001,1.0,11.36,125,152,11, positive
1,51,51.0,51.0,0.47100000000000003,1.0,2.4,24,51,10, positive
19,462,8778.0,24.316,0.523,0.688,16.88,4591,6035,272, positive
1,52,52.0,52.0,0.981,1.0,51.0,51,52,1, positive
1,52,52.0,52.0,0.5379999999999999,1.0,14.0,28,52,2, positive
1,33,33.0,33.0,1.0,1.0,33.0,33,33,1, positive
1,124,124.0,124.0,0.444,1.0,7.86,55,124,7, positive
1,75,75.0,75.0,0.92,1.0,11.5,69,75,6, positive
1,8,8.0,8.0,0.875,1.0,7.0,7,8,1, positive
1,40,40.0,40.0,1.0,1.0,40.0,40,40,1, positive
1,55,55.0,55.0,0.564,1.0,10.33,31,55,3, positive
1,115,115.0,115.0,0.2,1.0,4.6,23,115,5, positive
1,11,11.0,11.0,1.0,1.0,11.0,11,11,1, positive
1,46,46.0,46.0,0.7829999999999999,1.0,12.0,36,46,3, positive
2,64,128.0,32.0,0.531,0.586,17.0,68,75,4, positive
4,115,460.0,28.75,0.426,0.48700000000000004,17.82,196,224,11, positive
311,463,143993.0,1.489,0.08800000000000001,0.16,3.93,12631,23092,3212, positive
12,146,1752.0,12.167,0.091,0.128,26.67,160,225,6, positive
17,2,34.0,0.11800000000000001,0.706,0.706,24.0,24,24,1, positive
1,48,48.0,48.0,0.875,1.0,10.5,42,48,4, positive
1,29,29.0,29.0,0.586,1.0,2.13,17,29,8, positive
1,17,17.0,17.0,0.41200000000000003,1.0,1.75,7,17,4, positive
28,330,9240.0,11.786,0.057,0.066,31.0,527,614,17, positive
212,464,98368.0,2.189,0.052000000000000005,0.07,11.84,5066,6884,428, positive
3,286,858.0,95.333,0.406,0.42700000000000005,87.0,348,366,4, positive
1,18,18.0,18.0,0.9440000000000001,1.0,17.0,17,18,1, positive
1,7,7.0,7.0,1.0,1.0,7.0,7,7,1, positive
1,117,117.0,117.0,0.39299999999999996,1.0,5.75,46,117,8, positive
1,77,77.0,77.0,0.40299999999999997,1.0,5.17,31,77,6, positive
1,40,40.0,40.0,0.875,1.0,11.67,35,40,3, positive
1,28,28.0,28.0,0.9640000000000001,1.0,27.0,27,28,1, positive
1,35,35.0,35.0,0.8290000000000001,1.0,9.67,29,35,3, positive
1,14,14.0,14.0,0.5710000000000001,1.0,2.0,8,14,4, positive
1,23,23.0,23.0,0.826,1.0,19.0,19,23,1, positive
1,19,19.0,19.0,0.684,1.0,4.33,13,19,3, positive
8,16,128.0,2.0,0.156,0.8590000000000001,5.0,20,110,4, positive
9,10,90.0,1.111,0.14400000000000002,0.522,6.5,13,47,2, positive
1,79,79.0,79.0,0.608,1.0,6.86,48,79,7, positive
1,11,11.0,11.0,0.727,1.0,4.0,8,11,2, positive
1,98,98.0,98.0,0.9390000000000001,1.0,30.67,92,98,3, positive
1,13,13.0,13.0,0.6920000000000001,1.0,3.0,9,13,3, positive
1,17,17.0,17.0,0.8240000000000001,1.0,4.67,14,17,3, positive
52,461,23972.0,8.865,0.192,0.248,11.52,4607,5938,400, positive
1,15,15.0,15.0,0.867,1.0,6.5,13,15,2, positive
9,13,117.0,1.444,0.10300000000000001,0.752,4.0,12,88,3, positive
6,7,42.0,1.167,0.23800000000000002,0.69,10.0,10,29,1, positive
76,1,76.0,0.013000000000000001,1.0,1.0,76.0,76,76,1, positive
1,37,37.0,37.0,0.8109999999999999,1.0,6.0,30,37,5, positive
1,46,46.0,46.0,0.239,1.0,1.38,11,46,8, positive
1,42,42.0,42.0,0.31,1.0,2.6,13,42,5, positive
2,176,352.0,88.0,0.528,0.605,31.0,186,213,6, positive
69,3,207.0,0.043,0.643,0.9520000000000001,2.08,133,197,64, positive
1,17,17.0,17.0,0.882,1.0,7.5,15,17,2, positive
1,39,39.0,39.0,0.897,1.0,8.75,35,39,4, positive
1,44,44.0,44.0,0.909,1.0,20.0,40,44,2, positive
1,14,14.0,14.0,0.929,1.0,13.0,13,14,1, positive
1,36,36.0,36.0,0.583,1.0,4.2,21,36,5, positive
1,17,17.0,17.0,0.765,1.0,6.5,13,17,2, positive
2,14,28.0,7.0,0.28600000000000003,0.821,8.0,8,23,1, positive
3,183,549.0,61.0,0.488,0.5770000000000001,29.78,268,317,9, positive
1,29,29.0,29.0,1.0,1.0,29.0,29,29,1, positive
1,14,14.0,14.0,0.929,1.0,13.0,13,14,1, positive
1,45,45.0,45.0,0.9329999999999999,1.0,21.0,42,45,2, positive
25,300,7500.0,12.0,0.065,0.071,40.33,484,531,12, positive
2,50,100.0,25.0,0.46,0.51,15.33,46,51,3, positive
12,2,24.0,0.16699999999999998,0.625,0.667,15.0,15,16,1, positive
2,204,408.0,102.0,0.41200000000000003,0.6809999999999999,10.5,168,278,16, positive
1,35,35.0,35.0,0.857,1.0,10.0,30,35,3, positive
6,142,852.0,23.666999999999998,0.115,0.17300000000000001,6.53,98,147,15, positive
261,30,7830.0,0.115,0.063,0.09,2.4,492,701,205, positive
1,14,14.0,14.0,0.857,1.0,12.0,12,14,1, positive
1,69,69.0,69.0,0.841,1.0,8.29,58,69,7, positive
1,148,148.0,148.0,0.9590000000000001,1.0,47.33,142,148,3, positive
1,84,84.0,84.0,0.917,1.0,19.25,77,84,4, positive
1,73,73.0,73.0,0.616,1.0,3.75,45,73,12, positive
21,2,42.0,0.095,0.738,0.738,31.0,31,31,1, positive
38,70,2660.0,1.8419999999999999,0.059000000000000004,0.062,19.63,157,165,8, positive
1,147,147.0,147.0,0.8640000000000001,1.0,11.55,127,147,11, positive
1,17,17.0,17.0,0.941,1.0,16.0,16,17,1, positive
9,1,9.0,0.111,1.0,1.0,9.0,9,9,1, positive
36,172,6192.0,4.7780000000000005,0.128,0.337,4.84,793,2086,164, positive
26,1,26.0,0.038,1.0,1.0,26.0,26,26,1, positive
13,1,13.0,0.077,1.0,1.0,13.0,13,13,1, positive
17,1,17.0,0.059000000000000004,1.0,1.0,17.0,17,17,1, positive
11,1,11.0,0.091,1.0,1.0,11.0,11,11,1, positive
7,9,63.0,1.286,0.14300000000000002,0.23800000000000002,9.0,9,15,1, positive
37,72,2664.0,1.946,0.12,0.257,7.64,321,685,42, positive
13,1,13.0,0.077,1.0,1.0,13.0,13,13,1, positive
14,1,14.0,0.071,1.0,1.0,14.0,14,14,1, positive
2,6,12.0,3.0,0.667,1.0,4.0,8,12,2, positive
23,1,23.0,0.043,1.0,1.0,23.0,23,23,1, positive
13,1,13.0,0.077,1.0,1.0,13.0,13,13,1, positive
15,1,15.0,0.067,1.0,1.0,15.0,15,15,1, positive
3,54,162.0,18.0,0.364,0.519,8.43,59,84,7, positive
49,79,3871.0,1.6119999999999999,0.084,0.179,7.36,324,694,44, positive
7,1,7.0,0.14300000000000002,1.0,1.0,7.0,7,7,1, positive
39,70,2730.0,1.795,0.09,0.255,7.0,245,697,35, positive
3,11,33.0,3.667,0.364,0.667,3.0,12,22,4, positive
31,71,2201.0,2.29,0.159,0.29600000000000004,10.29,350,651,34, positive
3,304,912.0,101.33,0.555,0.6859999999999999,42.17,506,626,12, positive
153,442,67626.0,2.889,0.114,0.215,6.27,7689,14538,1227, positive
3,259,777.0,86.333,0.41100000000000003,0.48100000000000004,13.29,319,374,24, positive
47,286,13442.0,6.085,0.183,0.317,4.67,2459,4258,526, positive
36,96,3456.0,2.667,0.096,0.207,7.7,331,717,43, positive
5,333,1665.0,66.6,0.374,0.413,36.65,623,688,17, positive
43,62,2666.0,1.442,0.08,0.17,6.63,212,454,32, positive
2,6,12.0,3.0,0.667,1.0,4.0,8,12,2, positive
33,28,924.0,0.848,0.098,0.271,5.69,91,250,16, positive
17,60,1020.0,3.529,0.139,0.371,7.1,142,378,20, positive
10,1,10.0,0.1,1.0,1.0,10.0,10,10,1, positive
5,7,35.0,1.4,0.22899999999999998,0.6,2.67,8,21,3, positive
9,17,153.0,1.889,0.14400000000000002,0.45799999999999996,3.14,22,70,7, positive
4,8,32.0,2.0,0.344,0.531,5.5,11,17,2, positive
85,69,5865.0,0.812,0.165,0.441,1.44,969,2588,674, positive
13,13,169.0,1.0,0.124,0.45,3.5,21,76,6, positive
14,19,266.0,1.357,0.128,0.541,2.83,34,144,12, positive
14,19,266.0,1.357,0.113,0.504,30.0,30,134,1, positive
15,14,210.0,0.9329999999999999,0.11,0.33799999999999997,1.92,23,71,12, positive
7,24,168.0,3.429,0.10099999999999999,0.298,1.89,17,50,9, positive
5,12,60.0,2.4,0.133,0.267,4.0,8,16,2, positive
8,5,40.0,0.625,0.275,0.45,3.67,11,18,3, positive
4,5,20.0,1.25,0.35,0.8,2.33,7,16,3, positive
7,15,105.0,2.1430000000000002,0.114,0.295,2.4,12,31,5, positive
7,13,91.0,1.857,0.154,0.484,2.0,14,44,7, positive
4,7,28.0,1.75,0.28600000000000003,1.0,2.0,8,28,4, positive
4,5,20.0,1.25,0.35,0.8,2.33,7,16,3, positive
5,3,15.0,0.6,0.467,0.6,3.5,7,9,2, positive
5,9,45.0,1.8,0.17800000000000002,0.5329999999999999,1.6,8,24,5, positive
100,49,4900.0,0.49,0.09300000000000001,0.4,1.77,458,1958,259, positive
16,30,480.0,1.875,0.133,0.47100000000000003,2.29,64,226,28, positive
10,7,70.0,0.7,0.157,0.6,1.57,11,42,7, positive
6,5,30.0,0.833,0.233,0.633,1.75,7,19,4, positive
6,12,72.0,2.0,0.139,0.514,1.43,10,37,7, positive
81,49,3969.0,0.605,0.113,0.39799999999999996,2.26,449,1580,199, positive
6,6,36.0,1.0,0.19399999999999998,0.41700000000000004,3.5,7,15,2, positive
6,9,54.0,1.5,0.14800000000000002,0.29600000000000004,4.0,8,16,2, positive
21,68,1428.0,3.238,0.052000000000000005,0.109,5.69,74,156,13, positive
7,47,329.0,6.7139999999999995,0.158,0.289,5.78,52,95,9, positive
13,8,104.0,0.615,0.154,0.769,1.07,16,80,15, positive
8,1,8.0,0.125,0.875,1.0,7.0,7,8,1, positive
8,9,72.0,1.125,0.125,0.319,4.5,9,23,2, positive
2,49,98.0,24.5,0.51,0.51,50.0,50,50,1, positive
804,11,8844.0,0.013999999999999999,0.191,0.233,15.64,1689,2058,108, positive
1,114,114.0,114.0,0.9390000000000001,1.0,21.4,107,114,5, positive
1,41,41.0,41.0,0.927,1.0,12.67,38,41,3, positive
1,33,33.0,33.0,0.667,1.0,3.67,22,33,6, positive
1,106,106.0,106.0,0.858,1.0,15.17,91,106,6, positive
1,27,27.0,27.0,0.40700000000000003,1.0,1.83,11,27,6, positive
1,41,41.0,41.0,0.78,1.0,4.57,32,41,7, positive
1,22,22.0,22.0,0.5,1.0,1.83,11,22,6, positive
1,65,65.0,65.0,0.6459999999999999,1.0,3.0,42,65,14, positive
9,6,54.0,0.667,0.40700000000000003,0.519,5.5,22,28,4, positive
10,12,120.0,1.2,0.20800000000000002,0.583,1.67,25,70,15, positive
24,18,432.0,0.75,0.139,0.377,2.07,60,163,29, positive
14,17,238.0,1.214,0.113,0.387,1.8,27,92,15, positive
22,22,484.0,1.0,0.107,0.473,1.79,52,229,29, positive
16,4,64.0,0.25,0.156,0.531,5.0,10,34,2, positive
8,1,8.0,0.125,0.875,1.0,7.0,7,8,1, positive
16,21,336.0,1.3130000000000002,0.095,0.515,1.6,32,173,20, positive
13,5,65.0,0.385,0.12300000000000001,0.5379999999999999,8.0,8,35,1, positive
7,11,77.0,1.571,0.11699999999999999,0.494,1.8,9,38,5, positive
36,48,1728.0,1.3330000000000002,0.14300000000000002,0.43700000000000006,3.58,247,755,69, positive
55,48,2640.0,0.873,0.142,0.364,4.26,375,960,88, positive
53,48,2544.0,0.9059999999999999,0.18100000000000002,0.374,4.69,460,951,98, positive
29,48,1392.0,1.655,0.11599999999999999,0.268,5.06,162,373,32, positive
27,4,108.0,0.14800000000000002,0.33299999999999996,0.667,2.57,36,72,14, positive
21,4,84.0,0.19,0.31,0.643,3.71,26,54,7, positive
19,47,893.0,2.474,0.078,0.11199999999999999,3.89,70,100,18, positive
7,46,322.0,6.571000000000001,0.177,0.304,8.14,57,98,7, positive
2,9,18.0,4.5,0.556,0.556,10.0,10,10,1, positive
2,46,92.0,23.0,0.511,0.5539999999999999,47.0,47,51,1, positive
1,127,127.0,127.0,0.6459999999999999,1.0,13.67,82,127,6, positive
1,13,13.0,13.0,0.846,1.0,5.5,11,13,2, positive
3,129,387.0,43.0,0.305,0.377,11.8,118,146,10, positive
5,7,35.0,1.4,0.2,0.314,7.0,7,11,1, positive
13,5,65.0,0.385,0.32299999999999995,0.5539999999999999,5.25,21,36,4, positive
25,9,225.0,0.36,0.187,0.436,2.47,42,98,17, positive
8,4,32.0,0.5,0.43799999999999994,0.594,7.0,14,19,2, positive
17,9,153.0,0.529,0.209,0.49700000000000005,1.88,32,76,17, positive
5,4,20.0,0.8,0.45,0.65,4.5,9,13,2, positive
9,4,36.0,0.444,0.25,0.75,9.0,9,27,1, positive
12,4,48.0,0.33299999999999996,0.292,1.0,2.0,14,48,7, positive
6,5,30.0,0.833,0.36700000000000005,1.0,2.2,11,30,5, positive
6,13,78.0,2.167,0.10300000000000001,0.449,4.0,8,35,2, positive
4,11,44.0,2.75,0.159,0.932,1.75,7,41,4, positive
54,48,2592.0,0.889,0.14300000000000002,0.264,6.85,370,685,54, positive
53,48,2544.0,0.9059999999999999,0.157,0.26899999999999996,7.84,400,685,51, positive
52,48,2496.0,0.9229999999999999,0.138,0.248,7.67,345,619,45, positive
27,4,108.0,0.14800000000000002,0.38,0.75,2.56,41,81,16, positive
8,1,8.0,0.125,1.0,1.0,8.0,8,8,1, positive
9,1,9.0,0.111,1.0,1.0,9.0,9,9,1, positive
6,47,282.0,7.832999999999999,0.20199999999999999,0.20199999999999999,57.0,57,57,1, positive
4,19,76.0,4.75,0.276,0.382,5.25,21,29,4, positive
1,47,47.0,47.0,1.0,1.0,47.0,47,47,1, positive
1,86,86.0,86.0,0.93,1.0,40.0,80,86,2, positive
1,17,17.0,17.0,1.0,1.0,17.0,17,17,1, positive
1,19,19.0,19.0,0.737,1.0,4.67,14,19,3, positive
6,21,126.0,3.5,0.24600000000000002,0.254,31.0,31,32,1, positive
8,16,128.0,2.0,0.39799999999999996,0.695,2.55,51,89,20, positive
68,34,2312.0,0.5,0.22399999999999998,0.526,2.44,519,1215,213, positive
67,30,2010.0,0.44799999999999995,0.16899999999999998,0.46,2.26,339,924,150, positive
20,39,780.0,1.95,0.14,0.405,3.21,109,316,34, positive
6,17,102.0,2.833,0.13699999999999998,0.627,2.8,14,64,5, positive
2,14,28.0,7.0,0.46399999999999997,0.536,13.0,13,15,1, positive
37,20,740.0,0.541,0.131,0.193,4.22,97,143,23, positive
34,25,850.0,0.735,0.256,0.534,2.06,218,454,106, positive
34,27,918.0,0.794,0.21899999999999997,0.5539999999999999,3.09,201,509,65, positive
36,43,1548.0,1.194,0.11699999999999999,0.183,3.07,181,283,59, positive
16,29,464.0,1.8130000000000002,0.14400000000000002,0.496,2.58,67,230,26, positive
9,2,18.0,0.222,0.611,0.722,11.0,11,13,1, positive
86,67,5762.0,0.779,0.16399999999999998,0.935,2.37,947,5386,399, positive
101,99,9999.0,0.98,0.14,0.778,2.02,1398,7780,691, positive
2,536,1072.0,268.0,0.505,0.512,180.33,541,549,3, positive
2,536,1072.0,268.0,0.5379999999999999,0.737,30.37,577,790,19, positive
2,535,1070.0,267.5,0.564,0.614,40.2,603,657,15, positive
2,536,1072.0,268.0,0.537,0.622,24.0,576,667,24, positive
2,536,1072.0,268.0,0.498,0.5329999999999999,41.08,534,571,13, positive
2,535,1070.0,267.5,0.648,0.92,11.75,693,984,59, positive
30,60,1800.0,2.0,0.154,0.457,1.85,278,823,150, positive
28,31,868.0,1.107,0.49200000000000005,0.745,7.49,427,647,57, positive
2,536,1072.0,268.0,0.532,0.5579999999999999,30.0,570,598,19, positive
2,535,1070.0,267.5,0.545,0.629,24.29,583,673,24, positive
3,536,1608.0,178.67,0.341,0.353,61.0,549,567,9, positive
32,106,3392.0,3.313,0.198,0.395,4.56,671,1341,147, positive
28,32,896.0,1.143,0.48100000000000004,0.742,7.43,431,665,58, positive
3,470,1410.0,156.67,0.35200000000000004,0.387,23.62,496,545,21, positive
2,64,128.0,32.0,0.43,0.602,3.93,55,77,14, positive
1,277,277.0,277.0,1.0,1.0,277.0,277,277,1, positive
1,257,257.0,257.0,1.0,1.0,257.0,257,257,1, positive
32,350,11200.0,10.937999999999999,0.142,0.402,3.96,1588,4497,401, positive
29,31,899.0,1.069,0.46299999999999997,0.726,6.93,416,653,60, positive
2,537,1074.0,268.5,0.507,0.528,181.33,544,567,3, positive
2,537,1074.0,268.5,0.594,0.655,21.27,638,703,30, positive
3,537,1611.0,179.0,0.345,0.405,22.24,556,652,25, positive
2,537,1074.0,268.5,0.51,0.534,49.82,548,574,11, positive
31,105,3255.0,3.387,0.242,0.456,4.89,787,1485,161, positive
28,32,896.0,1.143,0.488,0.743,7.05,437,666,62, positive
2,98,196.0,49.0,0.48,0.653,9.4,94,128,10, positive
2,415,830.0,207.5,0.505,0.578,16.76,419,480,25, positive
2,63,126.0,31.5,0.341,0.508,10.75,43,64,4, positive
2,475,950.0,237.5,0.504,0.544,95.8,479,517,5, positive
2,99,198.0,49.5,0.253,0.616,4.55,50,122,11, positive
2,537,1074.0,268.5,0.52,0.621,26.57,558,667,21, positive
1,537,537.0,537.0,1.0,1.0,537.0,537,537,1, positive
31,105,3255.0,3.387,0.22399999999999998,0.41700000000000004,5.35,728,1358,136, positive
28,32,896.0,1.143,0.462,0.722,7.02,414,647,59, positive
1,63,63.0,63.0,1.0,1.0,63.0,63,63,1, positive
1,186,186.0,186.0,0.828,1.0,9.06,154,186,17, positive
1,214,214.0,214.0,1.0,1.0,214.0,214,214,1, positive
1,62,62.0,62.0,0.9840000000000001,1.0,61.0,61,62,1, positive
1,148,148.0,148.0,0.986,1.0,73.0,146,148,2, positive
1,278,278.0,278.0,0.946,1.0,29.22,263,278,9, positive
1,26,26.0,26.0,1.0,1.0,26.0,26,26,1, positive
1,13,13.0,13.0,1.0,1.0,13.0,13,13,1, positive
1,145,145.0,145.0,0.972,1.0,35.25,141,145,4, positive
1,36,36.0,36.0,0.306,1.0,1.83,11,36,6, positive
1,81,81.0,81.0,0.9009999999999999,1.0,24.33,73,81,3, positive
1,187,187.0,187.0,0.963,1.0,25.71,180,187,7, positive
31,37,1147.0,1.194,0.18899999999999997,0.555,2.07,217,637,105, positive
2,538,1076.0,269.0,0.519,0.684,34.88,558,736,16, positive
2,538,1076.0,269.0,0.637,0.703,29.78,685,756,23, positive
2,537,1074.0,268.5,0.5379999999999999,0.555,82.57,578,596,7, positive
3,538,1614.0,179.33,0.37,0.424,22.11,597,685,27, positive
3,537,1611.0,179.0,0.353,0.364,71.13,569,587,8, positive
28,61,1708.0,2.1790000000000003,0.172,0.509,1.97,294,870,149, positive
28,31,868.0,1.107,0.508,0.767,7.47,441,666,59, positive
2,537,1074.0,268.5,0.621,0.747,16.68,667,802,40, positive
2,537,1074.0,268.5,0.5379999999999999,0.594,32.11,578,638,18, positive
2,537,1074.0,268.5,0.556,0.655,24.88,597,704,24, positive
30,61,1830.0,2.033,0.157,0.483,1.88,288,884,153, positive
29,32,928.0,1.103,0.47600000000000003,0.72,7.25,442,668,61, positive
2,537,1074.0,268.5,0.537,0.609,22.19,577,654,26, positive
2,538,1076.0,269.0,0.518,0.596,29.32,557,641,19, positive
2,537,1074.0,268.5,0.523,0.5670000000000001,62.44,562,609,9, positive
2,535,1070.0,267.5,0.55,0.586,117.8,589,627,5, positive
29,61,1769.0,2.103,0.121,0.431,1.78,214,762,120, positive
29,32,928.0,1.103,0.43200000000000005,0.6890000000000001,6.27,401,639,64, positive
3,500,1500.0,166.67,0.373,0.42100000000000004,19.28,559,632,29, positive
2,32,64.0,16.0,0.516,0.531,33.0,33,34,1, positive
2,536,1072.0,268.0,0.568,0.688,24.36,609,737,25, positive
2,536,1072.0,268.0,0.586,0.6859999999999999,21.66,628,735,29, positive
6,39,234.0,6.5,0.192,0.19699999999999998,45.0,45,46,1, positive
12,278,3336.0,23.166999999999998,0.11,0.14400000000000002,15.91,366,479,23, positive
1,22,22.0,22.0,0.955,1.0,21.0,21,22,1, positive
1,54,54.0,54.0,0.9440000000000001,1.0,17.0,51,54,3, positive
1,16,16.0,16.0,1.0,1.0,16.0,16,16,1, positive
153,158,24174.0,1.033,0.5870000000000001,0.6409999999999999,46.95,14180,15491,302, positive
83,277,22991.0,3.3369999999999997,0.18,0.365,6.86,4138,8387,603, positive
83,149,12367.0,1.795,0.38799999999999996,0.47200000000000003,28.77,4804,5838,167, positive
54,1,54.0,0.019,1.0,1.0,54.0,54,54,1, positive
39,1,39.0,0.026000000000000002,1.0,1.0,39.0,39,39,1, positive
38,1,38.0,0.026000000000000002,1.0,1.0,38.0,38,38,1, positive
1,25,25.0,25.0,1.0,1.0,25.0,25,25,1, positive
1,413,413.0,413.0,0.998,1.0,412.0,412,413,1, positive
1,15,15.0,15.0,0.867,1.0,13.0,13,15,1, positive
95,93,8835.0,0.9790000000000001,0.675,0.902,3.63,5966,7968,1644, positive
58,3,174.0,0.052000000000000005,0.33899999999999997,0.345,59.0,59,60,1, positive
1,180,180.0,180.0,0.983,1.0,88.5,177,180,2, positive
1,22,22.0,22.0,0.818,1.0,4.5,18,22,4, positive
1,11,11.0,11.0,1.0,1.0,11.0,11,11,1, positive
1,7,7.0,7.0,1.0,1.0,7.0,7,7,1, positive
1,10,10.0,10.0,0.8,1.0,4.0,8,10,2, positive
53,1,53.0,0.019,1.0,1.0,53.0,53,53,1, positive
54,1,54.0,0.019,1.0,1.0,54.0,54,54,1, positive
93,104,9672.0,1.1179999999999999,0.451,0.611,4.25,4366,5908,1028, positive
37,1,37.0,0.027000000000000003,1.0,1.0,37.0,37,37,1, positive
42,1,42.0,0.024,1.0,1.0,42.0,42,42,1, positive
34,1,34.0,0.028999999999999998,1.0,1.0,34.0,34,34,1, positive
1,379,379.0,379.0,0.963,1.0,60.83,365,379,6, positive
31,1,31.0,0.032,1.0,1.0,31.0,31,31,1, positive
22,1,22.0,0.045,1.0,1.0,22.0,22,22,1, positive
1,14,14.0,14.0,0.643,1.0,3.0,9,14,3, positive
2,16,32.0,8.0,0.25,0.531,2.67,8,17,3, positive
1,19,19.0,19.0,0.579,1.0,3.67,11,19,3, positive
1,136,136.0,136.0,0.963,1.0,32.75,131,136,4, positive
1,11,11.0,11.0,0.909,1.0,10.0,10,11,1, positive
1,12,12.0,12.0,0.75,1.0,9.0,9,12,1, positive
1,14,14.0,14.0,0.643,1.0,4.5,9,14,2, positive
1,15,15.0,15.0,0.733,1.0,3.67,11,15,3, positive
1,14,14.0,14.0,1.0,1.0,14.0,14,14,1, positive
1,104,104.0,104.0,0.971,1.0,50.5,101,104,2, positive
1,29,29.0,29.0,0.9309999999999999,1.0,13.5,27,29,2, positive
1,78,78.0,78.0,0.9490000000000001,1.0,24.67,74,78,3, positive
4,9,36.0,2.25,0.611,0.611,22.0,22,22,1, positive
168,145,24360.0,0.863,0.7979999999999999,0.963,13.06,19430,23457,1488, positive
83,314,26062.0,3.783,0.298,0.6709999999999999,8.75,7772,17482,888, positive
1,36,36.0,36.0,0.583,1.0,5.25,21,36,4, positive
1,18,18.0,18.0,0.5,1.0,3.0,9,18,3, positive
7,1,7.0,0.14300000000000002,1.0,1.0,7.0,7,7,1, positive
14,1,14.0,0.071,1.0,1.0,14.0,14,14,1, positive
187,137,25619.0,0.733,0.899,0.991,29.29,23025,25400,786, positive
54,357,19278.0,6.611000000000001,0.299,0.655,6.4,5766,12626,901, positive
1,117,117.0,117.0,0.9740000000000001,1.0,38.0,114,117,3, positive
1,47,47.0,47.0,0.532,1.0,25.0,25,47,1, positive
7,1,7.0,0.14300000000000002,1.0,1.0,7.0,7,7,1, positive
11,1,11.0,0.091,1.0,1.0,11.0,11,11,1, positive
132,547,72204.0,4.144,0.37,0.483,20.66,26693,34874,1292, positive
1,52,52.0,52.0,0.9620000000000001,1.0,25.0,50,52,2, positive
25,169,4225.0,6.76,0.215,0.9470000000000001,1.57,907,4000,579, positive
1,27,27.0,27.0,0.259,1.0,1.4,7,27,5, positive
1,39,39.0,39.0,0.308,1.0,1.71,12,39,7, positive
1,34,34.0,34.0,0.353,1.0,1.71,12,34,7, positive
3,106,318.0,35.333,0.258,0.34,6.31,82,108,13, positive
1,28,28.0,28.0,0.536,1.0,3.0,15,28,5, positive
1,255,255.0,255.0,0.6859999999999999,1.0,4.86,175,255,36, positive
1,10,10.0,10.0,1.0,1.0,10.0,10,10,1, positive
1,9,9.0,9.0,0.889,1.0,8.0,8,9,1, positive
9,1,9.0,0.111,1.0,1.0,9.0,9,9,1, positive
178,140,24920.0,0.787,0.574,0.649,21.52,14292,16177,664, positive
54,357,19278.0,6.611000000000001,0.324,0.644,6.22,6238,12422,1003, positive
20,1,20.0,0.05,1.0,1.0,20.0,20,20,1, positive
25,1,25.0,0.04,1.0,1.0,25.0,25,25,1, positive
1,19,19.0,19.0,0.632,1.0,4.0,12,19,3, positive
1,44,44.0,44.0,0.727,1.0,5.33,32,44,6, positive
1,14,14.0,14.0,1.0,1.0,14.0,14,14,1, positive
10,1,10.0,0.1,1.0,1.0,10.0,10,10,1, positive
18,1,18.0,0.055999999999999994,1.0,1.0,18.0,18,18,1, positive
8,1,8.0,0.125,1.0,1.0,8.0,8,8,1, positive
27,1,27.0,0.037000000000000005,1.0,1.0,27.0,27,27,1, positive
31,1,31.0,0.032,1.0,1.0,31.0,31,31,1, positive
8,1,8.0,0.125,1.0,1.0,8.0,8,8,1, positive
1,30,30.0,30.0,0.4,1.0,2.4,12,30,5, positive
1,94,94.0,94.0,0.564,1.0,3.31,53,94,16, positive
1,193,193.0,193.0,0.57,1.0,2.97,110,193,37, positive
128,347,44416.0,2.7110000000000003,0.39899999999999997,0.5670000000000001,13.07,17721,25163,1356, positive
1,159,159.0,159.0,0.975,1.0,77.5,155,159,2, positive
12,1,12.0,0.083,1.0,1.0,12.0,12,12,1, positive
12,1,12.0,0.083,1.0,1.0,12.0,12,12,1, positive
168,135,22680.0,0.804,0.82,0.904,62.81,18591,20513,296, positive
9,1,9.0,0.111,1.0,1.0,9.0,9,9,1, positive
83,315,26145.0,3.795,0.295,0.594,9.21,7725,15523,839, positive
9,1,9.0,0.111,1.0,1.0,9.0,9,9,1, positive
1,32,32.0,32.0,0.469,1.0,1.88,15,32,8, positive
7,14,98.0,2.0,0.102,0.204,10.0,10,20,1, positive
166,472,78352.0,2.843,0.359,0.547,17.12,28093,42821,1641, positive
1,15,15.0,15.0,0.5329999999999999,1.0,2.0,8,15,4, positive
13,1,13.0,0.077,1.0,1.0,13.0,13,13,1, positive
174,471,81954.0,2.707,0.33899999999999997,0.433,15.84,27820,35499,1756, positive
1,63,63.0,63.0,0.5870000000000001,1.0,2.31,37,63,16, positive
1,42,42.0,42.0,0.19,1.0,1.6,8,42,5, positive
47,1,47.0,0.021,1.0,1.0,47.0,47,47,1, positive
83,326,27058.0,3.928,0.28600000000000003,0.6709999999999999,7.55,7741,18149,1025, positive
72,96,6912.0,1.3330000000000002,0.488,0.5820000000000001,15.69,3374,4025,215, positive
1,28,28.0,28.0,0.46399999999999997,1.0,2.17,13,28,6, positive
16,1,16.0,0.063,1.0,1.0,16.0,16,16,1, positive
163,161,26243.0,0.988,0.523,0.897,8.4,13725,23547,1634, positive
83,314,26062.0,3.783,0.282,0.619,8.77,7353,16139,838, positive
186,469,87234.0,2.522,0.37799999999999995,0.529,22.29,33017,46133,1481, positive
187,141,26367.0,0.754,0.415,0.884,4.69,10947,23301,2333, positive
1,23,23.0,23.0,0.348,1.0,1.6,8,23,5, positive
1,14,14.0,14.0,0.5,1.0,2.33,7,14,3, positive
1,45,45.0,45.0,0.244,1.0,1.38,11,45,8, positive
5,2,10.0,0.4,0.9,0.9,9.0,9,9,1, positive
14,2,28.0,0.14300000000000002,0.536,0.536,15.0,15,15,1, positive
11,2,22.0,0.182,0.636,0.636,14.0,14,14,1, positive
4,2,8.0,0.5,1.0,1.0,8.0,8,8,1, positive
9,1,9.0,0.111,1.0,1.0,9.0,9,9,1, positive
24,510,12240.0,21.25,0.846,0.927,38.65,10359,11341,268, positive
6,21,126.0,3.5,0.198,0.444,1.67,25,56,15, positive
197,198,39006.0,1.005,0.273,0.332,46.93,10654,12964,227, positive
3,541,1623.0,180.33,0.71,0.747,88.62,1152,1213,13, positive
84,1,84.0,0.012,1.0,1.0,84.0,84,84,1, positive
117,1,117.0,0.009000000000000001,1.0,1.0,117.0,117,117,1, positive
136,1,136.0,0.006999999999999999,0.993,1.0,135.0,135,136,1, positive
37,1,37.0,0.027000000000000003,1.0,1.0,37.0,37,37,1, positive
160,286,45760.0,1.788,0.201,0.226,55.42,9199,10347,166, positive
91,285,25935.0,3.1319999999999997,0.158,0.165,113.89,4100,4287,36, positive
64,73,4672.0,1.141,0.40299999999999997,0.445,72.38,1882,2077,26, positive
63,66,4158.0,1.048,0.491,0.591,44.37,2041,2458,46, positive
65,50,3250.0,0.769,0.45399999999999996,0.48700000000000004,245.83,1475,1582,6, positive
63,79,4977.0,1.254,0.33799999999999997,0.345,186.78,1681,1718,9, positive
32,1,32.0,0.031,1.0,1.0,32.0,32,32,1, positive
4,108,432.0,27.0,0.778,0.826,56.0,336,357,6, positive
1,20,20.0,20.0,0.75,1.0,3.0,15,20,5, positive
11,252,2772.0,22.909000000000002,0.092,0.095,63.75,255,262,4, positive
430,5,2150.0,0.012,0.21600000000000003,0.221,46.5,465,475,10, positive
10,1,10.0,0.1,0.9,1.0,9.0,9,10,1, positive
8,1,8.0,0.125,1.0,1.0,8.0,8,8,1, positive
1,63,63.0,63.0,0.9520000000000001,1.0,20.0,60,63,3, positive
1,76,76.0,76.0,0.961,1.0,36.5,73,76,2, positive
1,102,102.0,102.0,0.961,1.0,24.5,98,102,4, positive
5,128,640.0,25.6,0.759,0.764,162.0,486,489,3, positive
7,2,14.0,0.28600000000000003,0.643,0.7140000000000001,9.0,9,10,1, positive
5,280,1400.0,56.0,0.78,0.7859999999999999,156.0,1092,1100,7, positive
105,2,210.0,0.019,0.529,0.5329999999999999,111.0,111,112,1, positive
5,2,10.0,0.4,0.7,0.7,7.0,7,7,1, positive
11,427,4697.0,38.818000000000005,0.5660000000000001,0.57,189.79,2657,2676,14, positive
5,110,550.0,22.0,0.547,0.556,100.33,301,306,3, positive
11,552,6072.0,50.181999999999995,0.816,0.816,4955.0,4955,4955,1, positive
1,283,283.0,283.0,0.993,1.0,140.5,281,283,2, positive
1,184,184.0,184.0,0.9670000000000001,1.0,44.5,178,184,4, positive
1,16,16.0,16.0,0.938,1.0,15.0,15,16,1, positive
3,550,1650.0,183.33,0.32899999999999996,0.375,27.15,543,619,20, positive
1,235,235.0,235.0,0.9229999999999999,1.0,27.13,217,235,8, positive
1,58,58.0,58.0,0.845,1.0,9.8,49,58,5, positive
1,12,12.0,12.0,0.667,1.0,4.0,8,12,2, positive
1,69,69.0,69.0,0.667,1.0,4.18,46,69,11, positive
1,107,107.0,107.0,0.8690000000000001,1.0,18.6,93,107,5, positive
3,550,1650.0,183.33,0.33899999999999997,0.401,15.11,559,662,37, positive
3,463,1389.0,154.33,0.29600000000000004,0.382,13.7,411,531,30, positive
1,85,85.0,85.0,0.882,1.0,12.5,75,85,6, positive
1,8,8.0,8.0,1.0,1.0,8.0,8,8,1, positive
3,544,1632.0,181.33,0.326,0.406,16.12,532,662,33, positive
1,17,17.0,17.0,1.0,1.0,17.0,17,17,1, positive
1,206,206.0,206.0,0.99,1.0,204.0,204,206,1, positive
2,325,650.0,162.5,0.485,0.537,28.64,315,349,11, positive
1,8,8.0,8.0,1.0,1.0,8.0,8,8,1, positive
1,17,17.0,17.0,1.0,1.0,17.0,17,17,1, positive
1,277,277.0,277.0,0.993,1.0,137.5,275,277,2, positive
1,199,199.0,199.0,0.945,1.0,37.6,188,199,5, positive
10,553,5530.0,55.3,0.797,0.884,21.3,4409,4890,207, positive
3,259,777.0,86.333,0.96,0.978,67.82,746,760,11, positive
1,34,34.0,34.0,0.47100000000000003,1.0,1.07,16,34,15, positive
118,105,12390.0,0.89,0.052000000000000005,0.105,3.33,642,1296,193, positive
2,100,200.0,50.0,0.46,0.505,11.5,92,101,8, positive
9,1,9.0,0.111,1.0,1.0,9.0,9,9,1, positive
2,52,104.0,26.0,0.231,0.529,1.5,24,55,16, positive
1,161,161.0,161.0,0.41,1.0,1.02,66,161,65, positive
158,167,26386.0,1.057,0.16,0.276,8.24,4213,7279,511, positive
11,48,528.0,4.364,0.237,0.39,7.35,125,206,17, positive
1,71,71.0,71.0,0.521,1.0,2.31,37,71,16, positive
1,20,20.0,20.0,0.55,1.0,1.38,11,20,8, positive
1,172,172.0,172.0,0.465,1.0,1.04,80,172,77, positive
1,106,106.0,106.0,0.434,1.0,1.02,46,106,45, positive
1,288,288.0,288.0,0.424,1.0,1.02,122,288,120, positive
1,8,8.0,8.0,1.0,1.0,8.0,8,8,1, positive
1,95,95.0,95.0,1.0,1.0,95.0,95,95,1, positive
1,67,67.0,67.0,0.985,1.0,66.0,66,67,1, positive
1,10,10.0,10.0,1.0,1.0,10.0,10,10,1, positive
17,341,5797.0,20.059,0.935,0.998,36.38,5420,5784,149, positive
1,138,138.0,138.0,1.0,1.0,138.0,138,138,1, positive
17,342,5814.0,20.118,0.9159999999999999,0.996,30.27,5328,5790,176, positive
1,126,126.0,126.0,0.992,1.0,125.0,125,126,1, positive
18,342,6156.0,19.0,0.847,0.897,43.48,5217,5522,120, positive
7,1,7.0,0.14300000000000002,1.0,1.0,7.0,7,7,1, positive
2,25,50.0,12.5,0.36,1.0,4.5,18,50,4, positive
2,24,48.0,12.0,0.354,1.0,3.4,17,48,5, positive
2,21,42.0,10.5,0.452,1.0,6.33,19,42,3, positive
2,22,44.0,11.0,0.47700000000000004,1.0,21.0,21,44,1, positive
1,196,196.0,196.0,0.98,1.0,64.0,192,196,3, positive
10,1,10.0,0.1,1.0,1.0,10.0,10,10,1, positive
8,1,8.0,0.125,1.0,1.0,8.0,8,8,1, positive
2,199,398.0,99.5,0.485,0.508,32.17,193,202,6, positive
1,159,159.0,159.0,0.9940000000000001,1.0,158.0,158,159,1, positive
1,199,199.0,199.0,0.99,1.0,197.0,197,199,1, positive
7,1,7.0,0.14300000000000002,1.0,1.0,7.0,7,7,1, positive
8,231,1848.0,28.875,0.872,0.882,179.0,1611,1630,9, positive
1,70,70.0,70.0,1.0,1.0,70.0,70,70,1, positive
1,14,14.0,14.0,1.0,1.0,14.0,14,14,1, positive
7,1,7.0,0.14300000000000002,1.0,1.0,7.0,7,7,1, positive
9,1,9.0,0.111,1.0,1.0,9.0,9,9,1, positive
1,70,70.0,70.0,0.943,1.0,22.0,66,70,3, positive
1,9,9.0,9.0,1.0,1.0,9.0,9,9,1, positive
1,131,131.0,131.0,0.977,1.0,64.0,128,131,2, positive
2,62,124.0,31.0,0.452,0.565,11.2,56,70,5, positive
1,20,20.0,20.0,0.85,1.0,8.5,17,20,2, positive
1,87,87.0,87.0,0.92,1.0,16.0,80,87,5, positive
1,279,279.0,279.0,0.9640000000000001,1.0,38.43,269,279,7, positive
1,16,16.0,16.0,1.0,1.0,16.0,16,16,1, positive
4,524,2096.0,131.0,0.542,0.603,40.57,1136,1264,28, positive
